{"cameraMode":{"drawMode":0,"name":"Shaded","section":"Shading Mode"},"sceneLighting":false,"audioPlay":false,"sceneViewState":{"showFog":true,"showMaterialUpdate":true,"showSkybox":true,"showFlares":false,"showImageEffects":true,"showParticleSystems":true},"in2DMode":false,"pivot":{"x":770.0387573242188,"y":374.4718322753906,"z":-819.6285400390625},"rotation":{"x":0.2351621389389038,"y":-0.1370900720357895,"z":0.03352367505431175,"w":0.9616551995277405},"size":740.9280395507813,"orthographic":false}